Albert  Sonier   albert.sonier@jmail.com   42.8555783709788   30/12/1979,
Aleta  Poarch   apoarch@jmail.com   29.485260564023   14/05/1993,
Ben  Majorga   ben.majorga@coolmail.com   54.8138284633381   14/01/1968,
Breana  Cassi   breana@yeeha.com   46.1622298596144   08/09/1976,
Camellia  Pylant   camellia_pylant@jmail.com   49.3730150038331   24/06/1973,
Cassie  Soros   csoros@jmail.com   50.1649667167705   07/09/1972,
Catherin  Aguele   caguele@jmail.com   44.8993512290935   14/12/1977,
Craig  Vandersloot   craig_vandersloot@yeeha.com   42.5126703170763   03/05/1980,
Dan  Platz   dan_platz@coolmail.com   31.2279260780287   16/08/1991,
Darnell  Moothart   darnell_moothart@yeeha.com   50.6577732445781   11/03/1972,
Donte  Resureccion   donte.resureccion@yeeha.com   58.3319721577726   08/07/1964,
Elenora  Handler   ehandler@yeeha.com   52.1101870027895   28/09/1970,
Elliot  Scatton   elliot.scatton@coolmail.com   33.8638141426784   26/12/1988,
Emelda  Geffers   emelda.geffers@jmail.com   27.4551676933607   25/05/1995,
Fanny  Stoneking   fstoneking@coolmail.com   57.452416918429   26/05/1965,
Genevive  Sanborn   genevive@coolmail.com   40.8192988313856   12/01/1982,
Geraldine  Neisius   geraldine@jmail.com   26.493510444129   10/05/1996,
Gwen  Julye   gjulye@coolmail.com   34.2443679599499   09/08/1988,
Jacquelyne  Rosso   jacquelyne.rosso@yeeha.com   25.2580033698399   05/08/1997,
Jamal  Korczynski   jamal_korczynski@jmail.com   38.2909090909091   23/07/1984,
Janessa  Ruthers   janessa@yeeha.com   57.8001321752266   19/01/1965,
Jarvis  Nicols   jarvis@jmail.com   25.6604886267902   11/03/1997,
Jean  Cecchinato   jean.cecchinato@jmail.com   50.4277968649345   03/06/1972,
Jeniffer  Jezek   jeniffer@jmail.com   48.9048297010185   12/12/1973,
Johnson  Mcenery   johnson@jmail.com   40.3812353923205   21/06/1982,
Jonelle  Epps   jepps@coolmail.com   50.8165664590938   13/01/1972,
Kathryn  Bonalumi   kathryn.bonalumi@yeeha.com   36.1758916679   04/09/1986,
Katlyn  Flitcroft   kflitcroft@coolmail.com   28.9294514921968   03/12/1993,
Kent  Ivans   kent_ivans@yeeha.com   45.3182548657818   14/07/1977,
Kirby  Litherland   kirby.litherland@coolmail.com   58.4524361948956   25/05/1964,
Kristian  Ellerbusch   kristian@yeeha.com   34.3100750938673   16/07/1988,
Kristin  Shiflet   kristin@coolmail.com   37.6796599178615   04/03/1985,
Laura  Bourbonnais   laura.bourbonnais@yeeha.com   40.6714524207012   07/03/1982,
Lavonne  Esco   lavonne.esco@yeeha.com   29.4907365154696   12/05/1993,
Leandro  Bolka   leandro_bolka@coolmail.com   49.9021365686064   12/12/1972,
Leatha  Block   leatha_block@jmail.com   27.3073237508556   18/07/1995,
Lou  Kriner   lou.kriner@coolmail.com   36.2196980908687   19/08/1986,
Luz  Broccoli   luz_broccoli@coolmail.com   40.2306510851419   15/08/1982,
Lynda  Lazzaro   lynda.lazzaro@jmail.com   53.4606297216448   23/05/1969,
Marica  Tarbor   marica.tarbor@coolmail.com   29.2169389431414   20/08/1993,
Maybelle  Bewley   mbewley@yeeha.com   58.5044547563805   06/05/1964,
Millie  Pirkl   millie_pirkl@jmail.com   39.8384668035592   05/01/1983,
Moira  Qadir   moira.qadir@jmail.com   46.4743403040718   17/05/1976,
Oren  Lobosco   olobosco@coolmail.com   48.4004023020618   14/06/1974,
Reita  Tabar   rtabar@coolmail.com   54.7946637463288   21/01/1968,
Reta  Qazi   reta.qazi@yeeha.com   47.4004106776181   14/06/1975,
Rosamond  Amlin   rosamond.amlin@jmail.com   24.4852699594787   14/05/1998,
Rosina  Sidhu   rosina_sidhu@jmail.com   25.1813395113732   02/09/1997,
Suzan  Landa   suzan.landa@jmail.com   54.6577729105481   11/03/1968,
Theron  Jarding   tjarding@coolmail.com   46.2854313508476   25/07/1976,
Vince  Siena   vince_siena@yeeha.com   27.4551676933607   25/05/1995,
Zena  Daria   zdaria@jmail.com   30.3675704318643   25/06/1992,
