Soni; P4610
Poar; P3557
Majo; P2429
Cass; P3221
Pyla; P2259
Soro; P6280
Ague; P4605
Vand; P2669
Plat; P4800
Moot; P2257
Resu; P4887
Hand; P6311
Scat; P2333
Geff; P6909
Ston; P4411
Sanb; P2446
Neis; P3640
July; P3249
Ross; P2710
Korc; P2261
Ruth; P2372
Nico; P6355
Cecc; P6733
Jeze; P3341
Mcen; P2448
Epps; P4741
Bona; P6532
Flit; P4552
Ivan; P4520
Lith; P4740
Elle; P6810
Shif; P3927
Bour; P7264
Esco; P3002
Bolk; P7172
Bloc; P6037
Krin; P2092
Broc; P4719
Lazz; P3971
Tarb; P7140
Bewl; P4560
Pirk; P3350
Qadi; P5603
Lobo; P2083
Taba; P2820
Qazi; P3860
Amli; P2340
Sidh; P4505
Land; P4721
Jard; P5357
Sien; P4356
Dari; P3079
